Lycoperdon / pyriforme,Agaricaceae,Agaricales,Agaricomycetidae,Agaricomycetes,Agaricomycotina,Basidiomycota,Fungi
Agaricus / abruptibulbus,Agaricaceae,Agaricales,Agaricomycetidae,Agaricomycetes,Agaricomycotina,Basidiomycota,Fungi
Agaricus / arvensis,Agaricaceae,Agaricales,Agaricomycetidae,Agaricomycetes,Agaricomycotina,Basidiomycota,Fungi
Agaricus / augustus,Agaricaceae,Agaricales,Agaricomycetidae,Agaricomycetes,Agaricomycotina,Basidiomycota,Fungi
Agaricus / bitorquis,Agaricaceae,Agaricales,Agaricomycetidae,Agaricomycetes,Agaricomycotina,Basidiomycota,Fungi
Agaricus / haemorrhoidarius,Agaricaceae,Agaricales,Agaricomycetidae,Agaricomycetes,Agaricomycotina,Basidiomycota,Fungi
Agaricus / macrosporus,Agaricaceae,Agaricales,Agaricomycetidae,Agaricomycetes,Agaricomycotina,Basidiomycota,Fungi
Agaricus / placomyces,Agaricaceae,Agaricales,Agaricomycetidae,Agaricomycetes,Agaricomycotina,Basidiomycota,Fungi
Agaricus / sylvaticus,Agaricaceae,Agaricales,Agaricomycetidae,Agaricomycetes,Agaricomycotina,Basidiomycota,Fungi
Agaricus / silvicola,Agaricaceae,Agaricales,Agaricomycetidae,Agaricomycetes,Agaricomycotina,Basidiomycota,Fungi
Agaricus / sp.,Agaricaceae,Agaricales,Agaricomycetidae,Agaricomycetes,Agaricomycotina,Basidiomycota,Fungi
Agaricus / xanthodermus,Agaricaceae,Agaricales,Agaricomycetidae,Agaricomycetes,Agaricomycotina,Basidiomycota,Fungi
Agrocybe / aegerita,Strophariaceae,Agaricales,Agaricomycetidae,Agaricomycetes,Agaricomycotina,Basidiomycota,Fungi
Agrocybe / dura,Strophariaceae,Agaricales,Agaricomycetidae,Agaricomycetes,Agaricomycotina,Basidiomycota,Fungi
Agrocybe / praecox,Strophariaceae,Agaricales,Agaricomycetidae,Agaricomycetes,Agaricomycotina,Basidiomycota,Fungi
Agrocybe / sphaleromorpha,Strophariaceae,Agaricales,Agaricomycetidae,Agaricomycetes,Agaricomycotina,Basidiomycota,Fungi
Amanita / citrina,Amanitaceae,Agaricales,Agaricomycetidae,Agaricomycetes,Agaricomycotina,Basidiomycota,Fungi
Amanita / eliae,Amanitaceae,Agaricales,Agaricomycetidae,Agaricomycetes,Agaricomycotina,Basidiomycota,Fungi
Amanita / excelsa,Amanitaceae,Agaricales,Agaricomycetidae,Agaricomycetes,Agaricomycotina,Basidiomycota,Fungi
Amanita / fulva,Amanitaceae,Agaricales,Agaricomycetidae,Agaricomycetes,Agaricomycotina,Basidiomycota,Fungi
Amanita / gemmata,Amanitaceae,Agaricales,Agaricomycetidae,Agaricomycetes,Agaricomycotina,Basidiomycota,Fungi
Amanita / ceciliae,Amanitaceae,Agaricales,Agaricomycetidae,Agaricomycetes,Agaricomycotina,Basidiomycota,Fungi
Amanita / muscaria,Amanitaceae,Agaricales,Agaricomycetidae,Agaricomycetes,Agaricomycotina,Basidiomycota,Fungi
Amanita / pantherina,Amanitaceae,Agaricales,Agaricomycetidae,Agaricomycetes,Agaricomycotina,Basidiomycota,Fungi
Amanita / phalloides,Amanitaceae,Agaricales,Agaricomycetidae,Agaricomycetes,Agaricomycotina,Basidiomycota,Fungi
Amanita / rubescens,Amanitaceae,Agaricales,Agaricomycetidae,Agaricomycetes,Agaricomycotina,Basidiomycota,Fungi
Amanita / spissa,Amanitaceae,Agaricales,Agaricomycetidae,Agaricomycetes,Agaricomycotina,Basidiomycota,Fungi
Amanita / vaginata,Amanitaceae,Agaricales,Agaricomycetidae,Agaricomycetes,Agaricomycotina,Basidiomycota,Fungi
Amanita / vaginata var.fulva,Amanitaceae,Agaricales,Agaricomycetidae,Agaricomycetes,Agaricomycotina,Basidiomycota,Fungi
Armallaria / polymyces,Physalacriaceae,Agaricales,Agaricomycetidae,Agaricomycetes,Agaricomycotina,Basidiomycota,Fungi
Armillaria / mellea,Physalacriaceae,Agaricales,Agaricomycetidae,Agaricomycetes,Agaricomycotina,Basidiomycota,Fungi
Ascocoryne / sarcoides,Heliotiaceae,Heliotiales,Leotiomycetidae,Leotiomycetes,Pezizomycotina,Ascomycota,Fungi
Astraeus / hygrometricus,Diplocystidiaceae,Boletales,Agaricomycetidae,Agaricomycetes,Agaricomycotina,Basidiomycota,Fungi
Auricularia / auricula-judae,Auriculariaceae,Auriculariales,Incertaesedis,Agaricomycetes,Agaricomycotina,Basidiomycota,Fungi
Auricularia / mesenterica,Auriculariaceae,Auriculariales,Incertae sedis,Agaricomycetes,Agaricomycotina,Basidiomycota,Fungi
Bisporella / citrina,Heliotiaceae,Heliotiales,Leotiomycetidae,Leotiomycetes,Pezizomycotina,Ascomycota,Fungi
Bjerkandera / adusta,Meruliaceae,Polyporales,Incertae sedis,Agaricomycetes,Agaricomycotina,Basidiomycota,Fungi
Bolbitus / titubans,Bolbitiaceae,Agaricales,Agaricomycetidae,Agaricomycetes,Agaricomycotina,Basidiomycota,Fungi
Suillus / cavipes,Suillaceae,Boletales,Agaricomycetidae,Agaricomycetes,Agaricomycotina,Basidiomycota,Fungi
Boletus / aereus,Boletaceae,Boletales,Agaricomycetidae,Agaricomycetes,Agaricomycotina,Basidiomycota,Fungi
Boletus / appendiculatus,Boletaceae,Boletales,Agaricomycetidae,Agaricomycetes,Agaricomycotina,Basidiomycota,Fungi
Boletus / betulicola,Boletaceae,Boletales,Agaricomycetidae,Agaricomycetes,Agaricomycotina,Basidiomycota,Fungi
Boletus / edulis,Boletaceae,Boletales,Agaricomycetidae,Agaricomycetes,Agaricomycotina,Basidiomycota,Fungi
Boletus / erythropus,Boletaceae,Boletales,Agaricomycetidae,Agaricomycetes,Agaricomycotina,Basidiomycota,Fungi
Boletus / impolitus,Boletaceae,Boletales,Agaricomycetidae,Agaricomycetes,Agaricomycotina,Basidiomycota,Fungi
Suillellus / luridus,Boletaceae,Boletales,Agaricomycetidae,Agaricomycetes,Agaricomycotina,Basidiomycota,Fungi
Pseudoboletus / parasiticus,Boletaceae,Boletales,Agaricomycetidae,Agaricomycetes,Agaricomycotina,Basidiomycota,Fungi
Boletus / queletii,Boletaceae,Boletales,Agaricomycetidae,Agaricomycetes,Agaricomycotina,Basidiomycota,Fungi
Boletus / sp.,Boletaceae,Boletales,Agaricomycetidae,Agaricomycetes,Agaricomycotina,Basidiomycota,Fungi
Bovista / plumbea,Agaricaceae,Agaricales,Agaricomycetidae,Agaricomycetes,Agaricomycotina,Basidiomycota,Fungi
Bulgaria / inquinans,Bulgariaceae,Leotiales,Leotiomycetidae,Laotiomycetes,Pezizomycotina,Ascomycota,Fungi
Calocera / cornea,Dacrymycetaceae,Dacrymycetales,Incertae sedis,Dacrymycetes,Agaricomycotina,Basidiomycota,Fungi
Calocera / glossoides,Dacrymycetaceae,Dacrymycetales,Incertae sedis,Dacrymycetes,Agaricomycotina,Basidiomycota,Fungi
Calvatia / excipuliformis,Agaricaceae,Agaricales,Agaricomycetidae,Agaricomycetes,Agaricomycotina,Basidiomycota,Fungi
Cantharellus / cibarius,Cantharellaceae,Cantharellales,Incertae sedis,Agaricomycetes,Agaricomycotina,Basidiomycota,Fungi
Cantharellus / cinereus,Cantharellaceae,Cantharellales,Incertae sedis,Agaricomycetes,Agaricomycotina,Basidiomycota,Fungi
Ceratiomyxa / fruticulosa,Ceratiomyxaceae,Protostelida,Incertae sedis,Protostelea,Mycetozoa,Amoebozoa,Protozoa
Chalciporus / piperatus,Boletaceae,Boletales,Agaricomycetidae,Agaricomycetes,Agaricomycotina,Basidiomycota,Fungi
Chondrostereum / purpureum,Cyphellaceae,Agaricales,Agaricomycetidae,Agaricomycetes,Agaricomycotina,Basidiomycota,Fungi
Chroogomphus / rutilus,Gomphidiaceae,Boletales,Agaricomycetidae,Agaricomycetes,Agaricomycotina,Basidiomycota,Fungi
Clavulinopsis / corniculata,Clavariaceae,Agaricales,Agaricomycetidae,Agaricomycetes,Agaricomycotina,Basidiomycota,Fungi
Clavaria / pistillaris,Clavariadelphaceae,Gomphales,Phallomycetidae,Agaricomycetes,Agaricomycotina,Basidiomycota,Fungi
Clavaria / sp.,Clavariaceae,Agaricales,Agaricomycetidae,Agaricomycetes,Agaricomycotina,Basidiomycota,Fungi
Macrotyphula / fistulosa,Typhulaceae,Gomphales,Phallomycetidae,Agaricomycetes,Agaricomycotina,Basidiomycota,Fungi
Macrotyphula / juncea,Typhulaceae,Agaricales,Agaricomycetidae,Agaricomycetes,Agaricomycotina,Basidiomycota,Fungi
Clavariadelphus / pistillaris,Clavariadelphaceae,Gomphales,Phallomycetidae,Agaricomycetes,Agaricomycotina,Basidiomycota,Fungi
Clavulina / cinerea,Clavulinaceae,Cantharellales,Incertae sedis,Agaricomycetes,Agaricomycotina,Basidiomycota,Fungi
Clavulina / cristata,Clavulinaceae,Cantharellales,Incertae sedis,Agaricomycetes,Agaricomycotina,Basidiomycota,Fungi
Clavulina / sp.,Clavulinaceae,Cantharellales,Incertae sedis,Agaricomycetes,Agaricomycotina,Basidiomycota,Fungi
Clitocybe / dealbata,Tricholomataceae,Agaricales,Agaricomycetidae,Agaricomycetes,Agaricomycotina,Basidiomycota,Fungi
Lepista / flaccida,Tricholomataceae,Agaricales,Agaricomycetidae,Agaricomycetes,Agaricomycotina,Basidiomycota,Fungi
Clitocybe / odora,Tricholomataceae,Agaricales,Agaricomycetidae,Agaricomycetes,Agaricomycotina,Basidiomycota,Fungi
Clitocybe / rivulosa,Tricholomataceae,Agaricales,Agaricomycetidae,Agaricomycetes,Agaricomycotina,Basidiomycota,Fungi
Clitocybe / sp.,Tricholomataceae,Agaricales,Agaricomycetidae,Agaricomycetes,Agaricomycotina,Basidiomycota,Fungi
Gymnopus / dryophilus,Omphalotaceae,Agaricales,Agaricomycetidae,Agaricomycetes,Agaricomycotina,Basidiomycota,Fungi
Gymnopus / erythropus,Omphalotaceae,Agaricales,Agaricomycetidae,Agaricomycetes,Agaricomycotina,Basidiomycota,Fungi
Gymnopus / fusipes,Omphalotaceae,Agaricales,Agaricomycetidae,Agaricomycetes,Agaricomycotina,Basidiomycota,Fungi
Rhodocollybia / maculata,Omphalotaceae,Agaricales,Agaricomycetidae,Agaricomycetes,Agaricomycotina,Basidiomycota,Fungi
Collybia / nummularia,Tricholomataceae,Agaricales,Agaricomycetidae,Agaricomycetes,Agaricomycotina,Basidiomycota,Fungi
Collybia / radicata,Tricholomataceae,Agaricales,Agaricomycetidae,Agaricomycetes,Agaricomycotina,Basidiomycota,Fungi
Collybia / sp.,Tricholomataceae,Agaricales,Agaricomycetidae,Agaricomycetes,Agaricomycotina,Basidiomycota,Fungi
Comatricha / laxa,Stemonitidaceae,Stemonitida,Incertae sedis,Myxogastrea,Mycetozoa,Amoebozoa,Protozoa
Coprinus / atramentarius,Agaricaceae,Agaricales,Agaricomycetidae,Agaricomycetes,Agaricomycotina,Basidiomycota,Fungi
Coprinus / comatus,Agaricaceae,Agaricales,Agaricomycetidae,Agaricomycetes,Agaricomycotina,Basidiomycota,Fungi
Coprinellus / disseminatus,Psathyrellaceae,Agaricales,Agaricomycetidae,Agaricomycetes,Agaricomycotina,Basidiomycota,Fungi
Coprinus / domesticus,Agaricaceae,Agaricales,Agaricomycetidae,Agaricomycetes,Agaricomycotina,Basidiomycota,Fungi
Coprinus / micaceus,Agaricaceae,Agaricales,Agaricomycetidae,Agaricomycetes,Agaricomycotina,Basidiomycota,Fungi
Coprinellus / pallidissimus,Psathyrellaceae,Agaricales,Agaricomycetidae,Agaricomycetes,Agaricomycotina,Basidiomycota,Fungi
Coprinus / picaceus,Agaricaceae,Agaricales,Agaricomycetidae,Agaricomycetes,Agaricomycotina,Basidiomycota,Fungi
Coprinus / silvaticus,Agaricaceae,Agaricales,Agaricomycetidae,Agaricomycetes,Agaricomycotina,Basidiomycota,Fungi
Coprinus / sp.,Agaricaceae,Agaricales,Agaricomycetidae,Agaricomycetes,Agaricomycotina,Basidiomycota,Fungi
Elaphocordyceps / ophioglossoides,Ophiocordycipitaceae,Hypocreales,Hypocreomycetidae,Sordariomycetes,Pezizomycotina,Ascomycota,Fungi
Antrodia / albida,Formitopsidaceae,Polyporales,Incertae sedis,Agaricomycetes,Agaricomycotina,Basidiomycota,Fungi
Coriolus / hirsutus,Polyporaceae s.lato,Polyporales,Incertae sedis,Agaricomycetes,Agaricomycotina,Basidiomycota,Fungi
Coriolus / versicolor,Polyporaceae s.lato,Polyporales,Incertae sedis,Agaricomycetes,Agaricomycotina,Basidiomycota,Fungi
Cortinarius / orellanus,Cortinariaceae,Agaricales,Agaricomycetidae,Agaricomycetes,Agaricomycotina,Basidiomycota,Fungi
Cortinarius / sp.,Cortinariaceae,Agaricales,Agaricomycetidae,Agaricomycetes,Agaricomycotina,Basidiomycota,Fungi
Cortinarius / trivialis,Cortinariaceae,Agaricales,Agaricomycetidae,Agaricomycetes,Agaricomycotina,Basidiomycota,Fungi
Craterellus / cornucopioides,Cantharellaceae,Cantharellales,Incertae sedis,Agaricomycetes,Agaricomycotina,Basidiomycota,Fungi
Crepidotus / applanatus,Inocybaceae,Agaricales,Agaricomycetidae,Agaricomycetes,Agaricomycotina,Basidiomycota,Fungi
Crepidotus / mollis,Inocybaceae,Agaricales,Agaricomycetidae,Agaricomycetes,Agaricomycotina,Basidiomycota,Fungi
Crepidotus / mollis var.calolepis,Inocybaceae,Agaricales,Agaricomycetidae,Agaricomycetes,Agaricomycotina,Basidiomycota,Fungi
Crepidotus / sp.,Inocybaceae,Agaricales,Agaricomycetidae,Agaricomycetes,Agaricomycotina,Basidiomycota,Fungi
Crepidotus / cesatii,Inocybaceae,Agaricales,Agaricomycetidae,Agaricomycetes,Agaricomycotina,Basidiomycota,Fungi
Crepidotus / variabilis,Inocybaceae,Agaricales,Agaricomycetidae,Agaricomycetes,Agaricomycotina,Basidiomycota,Fungi
Cyathus / striatus,Agaricaceae,Agaricales,Agaricomycetidae,Agaricomycetes,Agaricomycotina,Basidiomycota,Fungi
Cystoderma / amianthinum,Agaricaceae,Agaricales,Agaricomycetidae,Agaricomycetes,Agaricomycotina,Basidiomycota,Fungi
Cystodermella / granulosa,Agaricaceae,Agaricales,Agaricomycetidae,Agaricomycetes,Agaricomycotina,Basidiomycota,Fungi
Dacrymyces / stillatus,Dacrymycetaceae,Dacrymycetales,Incertae sedis,Dacrymycetes,Agaricomycotina,Basidiomycota,Fungi
Daedalea / quercina,Formitopsidaceae,Polyporales,Incertae sedis,Agaricomycetes,Agaricomycotina,Basidiomycota,Fungi
Daedaleopsis / confragosa,Polyporaceae s.lato,Polyporales,Incertae sedis,Agaricomycetes,Agaricomycotina,Basidiomycota,Fungi
Diatrype / disciformis,Diatrypaceae,Xylariales,Xylariomycetidae,Sordariomycetes,Pezizomycotina,Ascomycota,Fungi
Dichomitus / campestris,Polyporaceae,Polyporales,Incertae sedis,Agaricomycetes,Agaricomycotina,Basidiomycota,Fungi
Disciotis / venosa,Morchelaceae,Pezizales,Pezizomycetidae,Pezizomycetes,Pezizomycotina,Ascomycota,Fungi
Ditiola / radicata,Dacrymycetaceae,Dacrymycetales,Incertae sedis,Dacrymycetes,Agaricomycotina,Basidiomycota,Fungi
Entoloma / sinuatum,Entolomataceae,Agaricales,Agaricomycetidae,Agaricomycetes,Agaricomycotina,Basidiomycota,Fungi
Entoloma / sp.,Entolomataceae,Agaricales,Agaricomycetidae,Agaricomycetes,Agaricomycotina,Basidiomycota,Fungi
Exidia / albida,Auriculariaceae,Auriculariales,Incertae sedis,Agaricomycetes,Agaricomycotina,Basidiomycota,Fungi
Exidia / glandulosa,Auriculariaceae,Auriculariales,Incertae sedis,Agaricomycetes,Agaricomycotina,Basidiomycota,Fungi
Exidia / recisa,Auriculariaceae,Auriculariales,Incertae sedis,Agaricomycetes,Agaricomycotina,Basidiomycota,Fungi
Fistulina / hepatica,Fistulinaceae,Agaricales,Agaricomycetidae,Agaricomycetes,Agaricomycotina,Basidiomycota,Fungi
Flammulina / velutipes,Physalacriaceae,Agaricales,Agaricomycetidae,Agaricomycetes,Agaricomycotina,Basidiomycota,Fungi
Fomes / fomentarius,Polyporaceae,Polyporales,Incertae sedis,Agaricomycetes,Agaricomycotina,Basidiomycota,Fungi
Fuligo / septica,Physaraceae,Physarida,Incertae sedis,Myxogastrea,Mycetozoa,Amoebozoa,Protozoa
Ganoderma / adspersum,Ganodermataceae,Polyporales,Incertae sedis,Agaricomycetes,Agaricomycotina,Basidiomycota,Fungi
Ganoderma / applanatum,Ganodermataceae,Polyporales,Incertae sedis,Agaricomycetes,Agaricomycotina,Basidiomycota,Fungi
Ganoderma / lucidum,Ganodermataceae,Polyporales,Incertae sedis,Agaricomycetes,Agaricomycotina,Basidiomycota,Fungi
Geastrum / fornicatum,Geastraceae,Geastrales,Phallomycetidae,Agaricomycetes,Agaricomycotina,Basidiomycota,Fungi
Geastrum / rufescens,Geastraceae,Geastrales,Phallomycetidae,Agaricomycetes,Agaricomycotina,Basidiomycota,Fungi
Geastrum / triplex,Geastraceae,Geastrales,Phallomycetidae,Agaricomycetes,Agaricomycotina,Basidiomycota,Fungi
Gleophyllum / sepiarium,Gleophyllaceae,Gleophyllales,Agaricomycetidae,Agaricomycetes,Agaricomycotina,Basidiomycota,Fungi
Gomphus / clavatus,Gomphaceae,Gomphales,Phallomycetidae,Agaricomycetes,Agaricomycotina,Basidiomycota,Fungi
Grifola / frondosa,Meripilaceae,Polyporales,Incertae sedis,Agaricomycetes,Agaricomycotina,Basidiomycota,Fungi
Gymnopilus / spectabilis,Agaricaceae,Agaricales,Agaricomycetidae,Agaricomycetes,Agaricomycotina,Basidiomycota,Fungi
Gyromitra / esculenta,Discinaceae,Pezizales,Pezizomycetidae,Pezizomycetes,Pezizomycotina,Ascomycota,Fungi
Gyroporus / castaneus,Gyroporaceae,Boletales,Agaricomycetidae,Agaricomycetes,Agaricomycotina,Basidiomycota,Fungi
Hapalopilus / nidulans,Polyporaceae,Polyporales,Incertae sedis,Agaricomycetes,Agaricomycotina,Basidiomycota,Fungi
Hebeloma / radicosum,Cortinariaceae,Agaricales,Agaricomycetidae,Agaricomycetes,Agaricomycotina,Basidiomycota,Fungi
Helotium / caliculum,Helotiaceae,Helotiales,Leotiomycetidae,Leotiomycetes,Pezizomycotina,Ascomycota,Fungi
Helotium / citrinum,Helotiaceae,Helotiales,Leotiomycetidae,Leotiomycetes,Pezizomycotina,Ascomycota,Fungi
Helvella / crispa,Helvellaceae,Pezizales,Pezizomycetidae,Pezizomycetes,Pezizomycotina,Ascomycota,Fungi
Helvella / elastica,Helvellaceae,Pezizales,Pezizomycetidae,Pezizomycetes,Pezizomycotina,Ascomycota,Fungi
Helvella / lacunosa,Helvellaceae,Pezizales,Pezizomycetidae,Pezizomycetes,Pezizomycotina,Ascomycota,Fungi
Helvella / monachella,Helvellaceae,Pezizales,Pezizomycetidae,Pezizomycetes,Pezizomycotina,Ascomycota,Fungi
Hemipholiota / populnea,Strophariaceae,Agaricales,Agaricomycetidae,Agaricomycetes,Agaricomycotina,Basidiomycota,Fungi
Hericium / bresadolae,Hericiaceae,Russulales,Incertae sedis,Agaricomycetes,Agaricomycotina,Basidiomycota,Fungi
Hericium / cirrhatum,Hericiaceae,Russulales,Incertae sedis,Agaricomycetes,Agaricomycotina,Basidiomycota,Fungi
Humaria / hemisphaerica,Pyronemataceae,Pezizales,Pezizomycetidae,Pezizomycetes,Pezizomycotina,Ascomycota,Fungi
Hydnum / repandum,Hydnaceae,Cantharellales,Incertae sedis,Agaricomycetes,Agaricomycotina,Basidiomycota,Fungi
Hydnum / rufescens,Hydnaceae,Cantharellales,Incertae sedis,Agaricomycetes,Agaricomycotina,Basidiomycota,Fungi
Hygrocybe / conica,Hygrophoraceae,Agaricales,Agaricomycetidae,Agaricomycetes,Agaricomycotina,Basidiomycota,Fungi
Cuphophyllus / virgineus,Hygrophoraceae,Agaricales,Agaricomycetidae,Agaricomycetes,Agaricomycotina,Basidiomycota,Fungi
Hygrophorus / chrysodon,Hygrophoraceae,Agaricales,Agaricomycetidae,Agaricomycetes,Agaricomycotina,Basidiomycota,Fungi
Hygrophorus / eburneus,Hygrophoraceae,Agaricales,Agaricomycetidae,Agaricomycetes,Agaricomycotina,Basidiomycota,Fungi
Hygrophorus / leucophaeus,Hygrophoraceae,Agaricales,Agaricomycetidae,Agaricomycetes,Agaricomycotina,Basidiomycota,Fungi
Hygrophorus / marzuolus,Hygrophoraceae,Agaricales,Agaricomycetidae,Agaricomycetes,Agaricomycotina,Basidiomycota,Fungi
Hygrophorus / poetarum,Hygrophoraceae,Agaricales,Agaricomycetidae,Agaricomycetes,Agaricomycotina,Basidiomycota,Fungi
Hygrophorus / russula,Hygrophoraceae,Agaricales,Agaricomycetidae,Agaricomycetes,Agaricomycotina,Basidiomycota,Fungi
Hymenochaete / rubiginosa,Hymenochaetaceae,Hymenochaetales,Incertae sedis,Agaricomycetes,Agaricomycotina,Basidiomycota,Fungi
Hyphodontia / sambuci,Schizoporaceae,Hymenochaetales,Incertae sedis,Agaricomycetes,Agaricomycotina,Basidiomycota,Fungi
Hypholoma / fasciculare,Strophariaceae,Agaricales,Agaricomycetidae,Agaricomycetes,Agaricomycotina,Basidiomycota,Fungi
Hypholoma / sublateritium,Strophariaceae,Agaricales,Agaricomycetidae,Agaricomycetes,Agaricomycotina,Basidiomycota,Fungi
Hypoxylon / fragiforme,Xylariaceae,Xylariales,Xylariomycetidae,Sordariomycetes,Pezizomycotina,Ascomycota,Fungi
Biscogniauxia / nummularia,Xylariaceae,Xylariales,Xylariomycetidae,Sordariomycetes,Pezizomycotina,Ascomycota,Fungi
Inocybe / rimosa,Inocybaceae,Agaricales,Agaricomycetidae,Agaricomycetes,Agaricomycotina,Basidiomycota,Fungi
Inocybe / geophylla,Inocybaceae,Agaricales,Agaricomycetidae,Agaricomycetes,Agaricomycotina,Basidiomycota,Fungi
Inocybe / geophylla var.liliac,Inocybaceae,Agaricales,Agaricomycetidae,Agaricomycetes,Agaricomycotina,Basidiomycota,Fungi
Inocybe / geophylla var.violac,Inocybaceae,Agaricales,Agaricomycetidae,Agaricomycetes,Agaricomycotina,Basidiomycota,Fungi
Inocybe / sp.,Inocybaceae,Agaricales,Agaricomycetidae,Agaricomycetes,Agaricomycotina,Basidiomycota,Fungi
Pseudoinonotus / dryadeus,Hymenochaetaceae,Hymenochaetales,Incertae sedis,Agaricomycetes,Agaricomycotina,Basidiomycota,Fungi
Kuehneromyces / mutabilis,Strophariaceae,Agaricales,Agaricomycetidae,Agaricomycetes,Agaricomycotina,Basidiomycota,Fungi
Laccaria / laccata,Hydnangiaceae,Agaricales,Agaricomycetidae,Agaricomycetes,Agaricomycotina,Basidiomycota,Fungi
Laccaria / laccata var.amethyst,Hydnangiaceae,Agaricales,Agaricomycetidae,Agaricomycetes,Agaricomycotina,Basidiomycota,Fungi
Lacrymaria / lacrymabunda,Psathyrellaceae,Agaricales,Agaricomycetidae,Agaricomycetes,Agaricomycotina,Basidiomycota,Fungi
Lactarius / cilicioides,Russulaceae,Russulales,Incertae sedis,Agaricomycetes,Agaricomycotina,Basidiomycota,Fungi
Lactarius / circellatus,Russulaceae,Russulales,Incertae sedis,Agaricomycetes,Agaricomycotina,Basidiomycota,Fungi
Lactarius / citriolens,Russulaceae,Russulales,Incertae sedis,Agaricomycetes,Agaricomycotina,Basidiomycota,Fungi
Lactarius / controversus,Russulaceae,Russulales,Incertae sedis,Agaricomycetes,Agaricomycotina,Basidiomycota,Fungi
Lactarius / deliciosus,Russulaceae,Russulales,Incertae sedis,Agaricomycetes,Agaricomycotina,Basidiomycota,Fungi
Lactarius / necator,Russulaceae,Russulales,Incertae sedis,Agaricomycetes,Agaricomycotina,Basidiomycota,Fungi
Lactarius / piperatus,Russulaceae,Russulales,Incertae sedis,Agaricomycetes,Agaricomycotina,Basidiomycota,Fungi
Lactarius / quietus,Russulaceae,Russulales,Incertae sedis,Agaricomycetes,Agaricomycotina,Basidiomycota,Fungi
Lactarius / semisanguifulus,Russulaceae,Russulales,Incertae sedis,Agaricomycetes,Agaricomycotina,Basidiomycota,Fungi
Lactarius / sp.,Russulaceae,Russulales,Incertae sedis,Agaricomycetes,Agaricomycotina,Basidiomycota,Fungi
Lactarius / spinosulus,Russulaceae,Russulales,Incertae sedis,Agaricomycetes,Agaricomycotina,Basidiomycota,Fungi
Lactarius / tabidus,Russulaceae,Russulales,Incertae sedis,Agaricomycetes,Agaricomycotina,Basidiomycota,Fungi
Lactarius / thejogalus,Russulaceae,Russulales,Incertae sedis,Agaricomycetes,Agaricomycotina,Basidiomycota,Fungi
Lactarius / torminosus,Russulaceae,Russulales,Incertae sedis,Agaricomycetes,Agaricomycotina,Basidiomycota,Fungi
Lactarius / trivialis,Russulaceae,Russulales,Incertae sedis,Agaricomycetes,Agaricomycotina,Basidiomycota,Fungi
Lactarius / turpis,Russulaceae,Russulales,Incertae sedis,Agaricomycetes,Agaricomycotina,Basidiomycota,Fungi
Lactarius / vellereus,Russulaceae,Russulales,Incertae sedis,Agaricomycetes,Agaricomycotina,Basidiomycota,Fungi
Lactarius / volemus,Russulaceae,Russulales,Incertae sedis,Agaricomycetes,Agaricomycotina,Basidiomycota,Fungi
Laetiporus / sulphureus,Formitopsidaceae,Polyporales,Incertae sedis,Agaricomycetes,Agaricomycotina,Basidiomycota,Fungi
Calvatia / gigantea,Agaricaceae,Agaricales,Agaricomycetidae,Agaricomycetes,Agaricomycotina,Basidiomycota,Fungi
Leccinum / aurantiacum,Boletaceae,Boletales,Agaricomycetidae,Agaricomycetes,Agaricomycotina,Basidiomycota,Fungi
Leccinum / carpini,Boletaceae,Boletales,Agaricomycetidae,Agaricomycetes,Agaricomycotina,Basidiomycota,Fungi
Leccinellum / griseum,Boletaceae,Boletales,Agaricomycetidae,Agaricomycetes,Agaricomycotina,Basidiomycota,Fungi
Leccinum / scabrum,Boletaceae,Boletales,Agaricomycetidae,Agaricomycetes,Agaricomycotina,Basidiomycota,Fungi
Leccinum / sp.,Boletaceae,Boletales,Agaricomycetidae,Agaricomycetes,Agaricomycotina,Basidiomycota,Fungi
Lentinellus / cochleatus,Auriscalpiaceae,Russulales,Incertae sedis,Agaricomycetes,Agaricomycotina,Basidiomycota,Fungi
Lentinus / cyathiformis,Polyporaceae s.stric,Polyporales,Incertae sedis,Agaricomycetes,Agaricomycotina,Basidiomycota,Fungi
Lentinus / tigrinus,Polyporaceae s.stric,Polyporales,Incertae sedis,Agaricomycetes,Agaricomycotina,Basidiomycota,Fungi
Lenzites / betulina,Polyporaceae s.stric,Polyporales,Incertae sedis,Agaricomycetes,Agaricomycotina,Basidiomycota,Fungi
Leotia / lubrica,Leotiaceae,Helotiales,Leotiomycetidae,Leotiomycetes,Pezizomycotina,Ascomycota,Fungi
Lepiota / acutesquamosa var.f.,Agaricaceae,Agaricales,Agaricomycetidae,Agaricomycetes,Agaricomycotina,Basidiomycota,Fungi
Lepiota / brunneo-incarnata,Agaricaceae,Agaricales,Agaricomycetidae,Agaricomycetes,Agaricomycotina,Basidiomycota,Fungi
Lepiota / clypeolaria,Agaricaceae,Agaricales,Agaricomycetidae,Agaricomycetes,Agaricomycotina,Basidiomycota,Fungi
Lepiota / cristata,Agaricaceae,Agaricales,Agaricomycetidae,Agaricomycetes,Agaricomycotina,Basidiomycota,Fungi
Lepiota / excoriata,Agaricaceae,Agaricales,Agaricomycetidae,Agaricomycetes,Agaricomycotina,Basidiomycota,Fungi
Leucoagaricus / leucothites,Agaricaceae,Agaricales,Agaricomycetidae,Agaricomycetes,Agaricomycotina,Basidiomycota,Fungi
Lepiota / sp.,Agaricaceae,Agaricales,Agaricomycetidae,Agaricomycetes,Agaricomycotina,Basidiomycota,Fungi
Lepista / inversa,Tricholomataceae,Agaricales,Agaricomycetidae,Agaricomycetes,Agaricomycotina,Basidiomycota,Fungi
Lepista / nebularis,Tricholomataceae,Agaricales,Agaricomycetidae,Agaricomycetes,Agaricomycotina,Basidiomycota,Fungi
Lepista / nuda,Tricholomataceae,Agaricales,Agaricomycetidae,Agaricomycetes,Agaricomycotina,Basidiomycota,Fungi
Helvella / elastica,Helvellaceae,Pezizales,Pezizomycetidae,Pezizomycetes,Pezizomycotina,Ascomycota,Fungi
Leucocortinarius / bulbiger,Tricholomataceae,Agaricales,Agaricomycetidae,Agaricomycetes,Agaricomycotina,Basidiomycota,Fungi
Lycogala / epidendrum,Tubiferaceae,Liceida,Incertae sedis,Myxogastrea,Mycetozoa,Amoebozoa,Protozoa
Lycogala / flavofuscum,Tubiferaceae,Liceida,Incertae sedis,Myxogastrea,Mycetozoa,Amoebozoa,Protozoa
Lycoperdon / utriforme,Agaricaceae,Agaricales,Agaricomycetidae,Agaricomycetes,Agaricomycotina,Basidiomycota,Fungi
Lycoperdon / echinatum,Agaricaceae,Agaricales,Agaricomycetidae,Agaricomycetes,Agaricomycotina,Basidiomycota,Fungi
Lycoperdon / pratense,Agaricaceae,Agaricales,Agaricomycetidae,Agaricomycetes,Agaricomycotina,Basidiomycota,Fungi
Lycoperdon / perlatum,Agaricaceae,Agaricales,Agaricomycetidae,Agaricomycetes,Agaricomycotina,Basidiomycota,Fungi
Lycoperdon / pyriforme,Agaricaceae,Agaricales,Agaricomycetidae,Agaricomycetes,Agaricomycotina,Basidiomycota,Fungi
Lycoperdon / sp.,Agaricaceae,Agaricales,Agaricomycetidae,Agaricomycetes,Agaricomycotina,Basidiomycota,Fungi
Lyophyllum / georgii,Lyophyllaceae,Agaricales,Agaricomycetidae,Agaricomycetes,Agaricomycotina,Basidiomycota,Fungi
Lyophyllum / loricatum,Lyophyllaceae,Agaricales,Agaricomycetidae,Agaricomycetes,Agaricomycotina,Basidiomycota,Fungi
Macrolepiota / konradii,Agaricaceae,Agaricales,Agaricomycetidae,Agaricomycetes,Agaricomycotina,Basidiomycota,Fungi
Macrolepiota / mastoidea,Agaricaceae,Agaricales,Agaricomycetidae,Agaricomycetes,Agaricomycotina,Basidiomycota,Fungi
Macrolepiota / procera,Agaricaceae,Agaricales,Agaricomycetidae,Agaricomycetes,Agaricomycotina,Basidiomycota,Fungi
Chlorophyllum / rachodes,Agaricaceae,Agaricales,Agaricomycetidae,Agaricomycetes,Agaricomycotina,Basidiomycota,Fungi
Marasmiellus / ramealis,Omphalotaceae,Agaricales,Agaricomycetidae,Agaricomycetes,Agaricomycotina,Basidiomycota,Fungi
Mycetinis / alliaceus,Omphalotaceae,Agaricales,Agaricomycetidae,Agaricomycetes,Agaricomycotina,Basidiomycota,Fungi
Gymnopus / androsaceus,Omphalotaceae,Agaricales,Agaricomycetidae,Agaricomycetes,Agaricomycotina,Basidiomycota,Fungi
Marasmius / oreades,Marasmiaceae,Agaricales,Agaricomycetidae,Agaricomycetes,Agaricomycotina,Basidiomycota,Fungi
Marasmius / rotula,Marasmiaceae,Agaricales,Agaricomycetidae,Agaricomycetes,Agaricomycotina,Basidiomycota,Fungi
Mycetinis / scorodonius,Omphalotaceae,Agaricales,Agaricomycetidae,Agaricomycetes,Agaricomycotina,Basidiomycota,Fungi
Marasmius / sp.,Marasmiaceae,Agaricales,Agaricomycetidae,Agaricomycetes,Agaricomycotina,Basidiomycota,Fungi
Meripilus / giganteus,Meripilaceae,Polyporales,Incertae sedis,Agaricomycetes,Agaricomycotina,Basidiomycota,Fungi
Merulius / tremellosus,Meruliaceae,Polyporales,Incertae sedis,Agaricomycetes,Agaricomycotina,Basidiomycota,Fungi
Gymnopus / foetidum,Omphalotaceae,Agaricales,Agaricomycetidae,Agaricomycetes,Agaricomycotina,Basidiomycota,Fungi
Morchella / conica,Morchelaceae,Pezizales,Pezizomycetidae,Pezizomycetes,Pezizomycotina,Ascomycota,Fungi
Morchella / esculenta,Morchelaceae,Pezizales,Pezizomycetidae,Pezizomycetes,Pezizomycotina,Ascomycota,Fungi
Morchella / sp.,Morchelaceae,Pezizales,Pezizomycetidae,Pezizomycetes,Pezizomycotina,Ascomycota,Fungi
Mutinus / caninus,Phallaceae,Phallales,Phallomycetidae,Agaricomycetes,Agaricomycotina,Basidiomycota,Fungi
Mycena / acicula,Mycenaceae,Agaricales,Agaricomycetidae,Agaricomycetes,Agaricomycotina,Basidiomycota,Fungi
Mycena / crocata,Mycenaceae,Agaricales,Agaricomycetidae,Agaricomycetes,Agaricomycotina,Basidiomycota,Fungi
Mycena / flavescens,Mycenaceae,Agaricales,Agaricomycetidae,Agaricomycetes,Agaricomycotina,Basidiomycota,Fungi
Mycena / galericulata,Mycenaceae,Agaricales,Agaricomycetidae,Agaricomycetes,Agaricomycotina,Basidiomycota,Fungi
Mycena / olivaceomarginata,Mycenaceae,Agaricales,Agaricomycetidae,Agaricomycetes,Agaricomycotina,Basidiomycota,Fungi
Mycena / polygramma,Mycenaceae,Agaricales,Agaricomycetidae,Agaricomycetes,Agaricomycotina,Basidiomycota,Fungi
Mycena / pura,Mycenaceae,Agaricales,Agaricomycetidae,Agaricomycetes,Agaricomycotina,Basidiomycota,Fungi
Mycena / renati,Mycenaceae,Agaricales,Agaricomycetidae,Agaricomycetes,Agaricomycotina,Basidiomycota,Fungi
Mycena / sp.,Mycenaceae,Agaricales,Agaricomycetidae,Agaricomycetes,Agaricomycotina,Basidiomycota,Fungi
Gymnopus / foetidum,Omphalotaceae,Agaricales,Agaricomycetidae,Agaricomycetes,Agaricomycotina,Basidiomycota,Fungi
Nectria / cinnabarina,Nectriaceae,Hypocreales,Hypocreomycetidae,Sordariomycetes,Pezizomycotina,Ascomycota,Fungi
Omphalotus / olearius,Omphalotaceae,Agaricales,Agaricomycetidae,Agaricomycetes,Agaricomycotina,Basidiomycota,Fungi
Otidea / onotica,Pyronemataceae,Pezizales,Pezizomycetidae,Pezizomycetes,Pezizomycotina,Ascomycota,Fungi
Xerula / pudens,Physalacriaceae,Agaricales,Agaricomycetidae,Agaricomycetes,Agaricomycotina,Basidiomycota,Fungi
Mucidula / mucida,Physalacriaceae,Agaricales,Agaricomycetidae,Agaricomycetes,Agaricomycotina,Basidiomycota,Fungi
Hymenopellis / radicata,Physalacriaceae,Agaricales,Agaricomycetidae,Agaricomycetes,Agaricomycotina,Basidiomycota,Fungi
Panaeolus / rickenii,Incertae sedis,Agaricales,Agaricomycetidae,Agaricomycetes,Agaricomycotina,Basidiomycota,Fungi
Panellus / mitis,Mycenaceae,Agaricales,Agaricomycetidae,Agaricomycetes,Agaricomycotina,Basidiomycota,Fungi
Panellus / stipticus,Mycenaceae,Agaricales,Agaricomycetidae,Agaricomycetes,Agaricomycotina,Basidiomycota,Fungi
Tapinella / atrotomentosa,Tapinellaceae,Boletales,Agaricomycetidae,Agaricomycetes,Agaricomycotina,Basidiomycota,Fungi
Paxillus / involutus,Paxillaceae,Boletales,Agaricomycetidae,Agaricomycetes,Agaricomycotina,Basidiomycota,Fungi
Helvella / acetabulum,Helvellaceae,Pezizales,Pezizomycetidae,Pezizomycetes,Pezizomycotina,Ascomycota,Fungi
Peniophora / incarnata,Peniophoraceae,Russulales,Incertae sedis,Agaricomycetes,Agaricomycotina,Basidiomycota,Fungi
Peniophora / quercina,Peniophoraceae,Russulales,Incertae sedis,Agaricomycetes,Agaricomycotina,Basidiomycota,Fungi
Peziza / badia,Pezizaceae,Pezizales,Pezizomycetidae,Pezizomycetes,Pezizomycotina,Ascomycota,Fungi
Peziza / cerea,Pezizaceae,Pezizales,Pezizomycetidae,Pezizomycetes,Pezizomycotina,Ascomycota,Fungi
Peziza / echinospora,Pezizaceae,Pezizales,Pezizomycetidae,Pezizomycetes,Pezizomycotina,Ascomycota,Fungi
Peziza / sp.,Pezizaceae,Pezizales,Pezizomycetidae,Pezizomycetes,Pezizomycotina,Ascomycota,Fungi
Peziza / vesiculosa,Pezizaceae,Pezizales,Pezizomycetidae,Pezizomycetes,Pezizomycotina,Ascomycota,Fungi
Phallus / hadriani,Phallaceae,Phallales,Phallomycetidae,Agaricomycetes,Agaricomycotina,Basidiomycota,Fungi
Phallus / impudicus,Phallaceae,Phallales,Phallomycetidae,Agaricomycetes,Agaricomycotina,Basidiomycota,Fungi
Phellinus / igniarius,Hymenochaetaceae,Hymenochaetales,Incertae sedis,Agaricomycetes,Agaricomycotina,Basidiomycota,Fungi
Fomitiporia / punctatus,Hymenochaetaceae,Hymenochaetales,Incertae sedis,Agaricomycetes,Agaricomycotina,Basidiomycota,Fungi
Fomitiporia / robustus,Hymenochaetaceae,Hymenochaetales,Incertae sedis,Agaricomycetes,Agaricomycotina,Basidiomycota,Fungi
Phlebia / radiata,Meruliaceae,Polyporales,Incertae sedis,Agaricomycetes,Agaricomycotina,Basidiomycota,Fungi
Cyclocybe / aegerita,Strophariaceae,Agaricales,Agaricomycetidae,Agaricomycetes,Agaricomycotina,Basidiomycota,Fungi
Hemipholiota / populnea,Strophariaceae,Agaricales,Agaricomycetidae,Agaricomycetes,Agaricomycotina,Basidiomycota,Fungi
Piptoporus / betulinus,Formitopsidaceae,Polyporales,Incertae sedis,Agaricomycetes,Agaricomycotina,Basidiomycota,Fungi
Pleurotus / cornucopiae,Pleurotaceae,Agaricales,Agaricomycetidae,Agaricomycetes,Agaricomycotina,Basidiomycota,Fungi
Pleurotus / eryngii,Pleurotaceae,Agaricales,Agaricomycetidae,Agaricomycetes,Agaricomycotina,Basidiomycota,Fungi
Pleurotus / ostreatus,Pleurotaceae,Agaricales,Agaricomycetidae,Agaricomycetes,Agaricomycotina,Basidiomycota,Fungi
Pleurotus / pulmonarius,Pleurotaceae,Agaricales,Agaricomycetidae,Agaricomycetes,Agaricomycotina,Basidiomycota,Fungi
Pleurotus / sp.,Pleurotaceae,Agaricales,Agaricomycetidae,Agaricomycetes,Agaricomycotina,Basidiomycota,Fungi
Pluteus / atricapillus,Pluteaceae,Agaricales,Agaricomycetidae,Agaricomycetes,Agaricomycotina,Basidiomycota,Fungi
Pluteus / cervinus,Pluteaceae,Agaricales,Agaricomycetidae,Agaricomycetes,Agaricomycotina,Basidiomycota,Fungi
Pluteus / curtisii,Pluteaceae,Agaricales,Agaricomycetidae,Agaricomycetes,Agaricomycotina,Basidiomycota,Fungi
Pluteus / olivaceus,Pluteaceae,Agaricales,Agaricomycetidae,Agaricomycetes,Agaricomycotina,Basidiomycota,Fungi
Pluteus / sp.,Pluteaceae,Agaricales,Agaricomycetidae,Agaricomycetes,Agaricomycotina,Basidiomycota,Fungi
Polyporus / arcularius,Polyporaceae,Polyporales,Incertae sedis,Agaricomycetes,Agaricomycotina,Basidiomycota,Fungi
Royoporus / badius,Polyporaceae,Polyporales,Incertae sedis,Agaricomycetes,Agaricomycotina,Basidiomycota,Fungi
Postia / caesia,Fomitopsidaceae,Polyporales,Incertae sedis,Agaricomycetes,Agaricomycotina,Basidiomycota,Fungi
Polyporus / ciliatus,Polyporaceae,Polyporales,Incertae sedis,Agaricomycetes,Agaricomycotina,Basidiomycota,Fungi
Polyporus / tuberaster,Polyporaceae,Polyporales,Incertae sedis,Agaricomycetes,Agaricomycotina,Basidiomycota,Fungi
Polyporus / sp.,Polyporaceae,Polyporales,Incertae sedis,Agaricomycetes,Agaricomycotina,Basidiomycota,Fungi
Polyporus / squamosus,Polyporaceae,Polyporales,Incertae sedis,Agaricomycetes,Agaricomycotina,Basidiomycota,Fungi
Postia / stiptica,Fomitopsidaceae,Polyporales,Incertae sedis,Agaricomycetes,Agaricomycotina,Basidiomycota,Fungi
Polyporus / tuberaster,Polyporaceae,Polyporales,Incertae sedis,Agaricomycetes,Agaricomycotina,Basidiomycota,Fungi
Polyporus / varius,Polyporaceae,Polyporales,Incertae sedis,Agaricomycetes,Agaricomycotina,Basidiomycota,Fungi
Psathyrella / candolleana,Psathyrellaceae,Agaricales,Agaricomycetidae,Agaricomycetes,Agaricomycotina,Basidiomycota,Fungi
Psathyrella / hydrophila,Psathyrellaceae,Agaricales,Agaricomycetidae,Agaricomycetes,Agaricomycotina,Basidiomycota,Fungi
Psathyrella / sp.,Psathyrellaceae,Agaricales,Agaricomycetidae,Agaricomycetes,Agaricomycotina,Basidiomycota,Fungi
Pseudohydnum / gelatinosum,Incertae sedis,Auriculariales,Incertae sedis,Agaricomycetes,Agaricomycotina,Basidiomycota,Fungi
Pseudotrametes / gibbosa,Polyporaceae s.lato,Polyporales,Incertae sedis,Agaricomycetes,Agaricomycotina,Basidiomycota,Fungi
Pycnoporus / cinnabarinus,Polyporaceae s.lato,Polyporales,Incertae sedis,Agaricomycetes,Agaricomycotina,Basidiomycota,Fungi
Ramaria / sp.,Gomphaceae,Gomphales,Phallomycetidae,Agaricomycetes,Agaricomycotina,Basidiomycota,Fungi
Rozites / caperata,Cortinariaceae,Agaricales,Agaricomycetidae,Agaricomycetes,Agaricomycotina,Basidiomycota,Fungi
Russula / albonigra,Russulaceae,Russulales,Incertae sedis,Agaricomycetes,Agaricomycotina,Basidiomycota,Fungi
Russula / amoena,Russulaceae,Russulales,Incertae sedis,Agaricomycetes,Agaricomycotina,Basidiomycota,Fungi
Russula / anthracina,Russulaceae,Russulales,Incertae sedis,Agaricomycetes,Agaricomycotina,Basidiomycota,Fungi
Russula / aurea,Russulaceae,Russulales,Incertae sedis,Agaricomycetes,Agaricomycotina,Basidiomycota,Fungi
Russula / cavipes,Russulaceae,Russulales,Incertae sedis,Agaricomycetes,Agaricomycotina,Basidiomycota,Fungi
Russula / cyanoxantha,Russulaceae,Russulales,Incertae sedis,Agaricomycetes,Agaricomycotina,Basidiomycota,Fungi
Russula / delica,Russulaceae,Russulales,Incertae sedis,Agaricomycetes,Agaricomycotina,Basidiomycota,Fungi
Russula / claroflava,Russulaceae,Russulales,Incertae sedis,Agaricomycetes,Agaricomycotina,Basidiomycota,Fungi
Russula / foetens,Russulaceae,Russulales,Incertae sedis,Agaricomycetes,Agaricomycotina,Basidiomycota,Fungi
Russula / heterophylla,Russulaceae,Russulales,Incertae sedis,Agaricomycetes,Agaricomycotina,Basidiomycota,Fungi
Russula / illota,Russulaceae,Russulales,Incertae sedis,Agaricomycetes,Agaricomycotina,Basidiomycota,Fungi
Russula / rosea,Russulaceae,Russulales,Incertae sedis,Agaricomycetes,Agaricomycotina,Basidiomycota,Fungi
Russula / risigallina,Russulaceae,Russulales,Incertae sedis,Agaricomycetes,Agaricomycotina,Basidiomycota,Fungi
Russula / nigricans,Russulaceae,Russulales,Incertae sedis,Agaricomycetes,Agaricomycotina,Basidiomycota,Fungi
Russula / ochroleuca,Russulaceae,Russulales,Incertae sedis,Agaricomycetes,Agaricomycotina,Basidiomycota,Fungi
Russula / romellii,Russulaceae,Russulales,Incertae sedis,Agaricomycetes,Agaricomycotina,Basidiomycota,Fungi
Russula / sp.,Russulaceae,Russulales,Incertae sedis,Agaricomycetes,Agaricomycotina,Basidiomycota,Fungi
Russula / violeipes,Russulaceae,Russulales,Incertae sedis,Agaricomycetes,Agaricomycotina,Basidiomycota,Fungi
Russula / virescens,Russulaceae,Russulales,Incertae sedis,Agaricomycetes,Agaricomycotina,Basidiomycota,Fungi
Sarcoscypha / coccinea,Sarcoscyphaceae,Pezizales,Pezizomycetidae,Pezizomycetes,Pezizomycotina,Ascomycota,Fungi
Schizophyllum / commune,Schizophyllaceae,Agaricales,Agaricomycetidae,Agaricomycetes,Agaricomycotina,Basidiomycota,Fungi
Schizopora / paradoxa,Schizoporaceae,Hymenochaetales,Incertae sedis,Agaricomycetes,Agaricomycotina,Basidiomycota,Fungi
Scleroderma / aurantium,Sclerodermataceae,Boletales,Agaricomycetidae,Agaricomycetes,Agaricomycotina,Basidiomycota,Fungi
Scleroderma / citrinum,Sclerodermataceae,Boletales,Agaricomycetidae,Agaricomycetes,Agaricomycotina,Basidiomycota,Fungi
Scleroderma / verrucosum,Sclerodermataceae,Boletales,Agaricomycetidae,Agaricomycetes,Agaricomycotina,Basidiomycota,Fungi
Scutellinia / scutellata,Pyronemataceae,Pezizales,Pezizomycetidae,Pezizomycetes,Pezizomycotina,Ascomycota,Fungi
Scutellinia / umbrarum,Pyronemataceae,Pezizales,Pezizomycetidae,Pezizomycetes,Pezizomycotina,Ascomycota,Fungi
Stemonitis / axifera,Stemonitidaceae,Stemonitida,Incertae sedis,Myxogastrea,Mycetozoa,Amoebozoa,Protozoa
Stemonitis / fusca,Stemonitidaceae,Stemonitida,Incertae sedis,Myxogastrea,Mycetozoa,Amoebozoa,Protozoa
Stemonitis / herbatica,Stemonitidaceae,Stemonitida,Incertae sedis,Myxogastrea,Mycetozoa,Amoebozoa,Protozoa
Stereum / gausaptum,Stereaceae,Russulales,Incertae sedis,Agaricomycetes,Agaricomycotina,Basidiomycota,Fungi
Stereum / hirsutum,Stereaceae,Russulales,Incertae sedis,Agaricomycetes,Agaricomycotina,Basidiomycota,Fungi
Stereum / subtomentosum,Stereaceae,Russulales,Incertae sedis,Agaricomycetes,Agaricomycotina,Basidiomycota,Fungi
Strobilomyces / strobilaceus,Boletaceae,Boletales,Agaricomycetidae,Agaricomycetes,Agaricomycotina,Basidiomycota,Fungi
Strobilurus / stephanocystis,Physalacriaceae,Agaricales,Agaricomycetidae,Agaricomycetes,Agaricomycotina,Basidiomycota,Fungi
Stropharia / aeruginosa,Strophariaceae,Agaricales,Agaricomycetidae,Agaricomycetes,Agaricomycotina,Basidiomycota,Fungi
Stropharia / cerulea,Strophariaceae,Agaricales,Agaricomycetidae,Agaricomycetes,Agaricomycotina,Basidiomycota,Fungi
Stropharia / squamosa,Strophariaceae,Agaricales,Agaricomycetidae,Agaricomycetes,Agaricomycotina,Basidiomycota,Fungi
Suillus / viscidus,Suillaceae,Boletales,Agaricomycetidae,Agaricomycetes,Agaricomycotina,Basidiomycota,Fungi
Suillus / granulatus,Suillaceae,Boletales,Agaricomycetidae,Agaricomycetes,Agaricomycotina,Basidiomycota,Fungi
Suillus / luteus,Suillaceae,Boletales,Agaricomycetidae,Agaricomycetes,Agaricomycotina,Basidiomycota,Fungi
Suilus / granulatus,Suillaceae,Boletales,Agaricomycetidae,Agaricomycetes,Agaricomycotina,Basidiomycota,Fungi
Trametes / gibbosa,Polyporaceae,Polyporales,Incertae sedis,Agaricomycetes,Agaricomycotina,Basidiomycota,Fungi
Trametes / hirsuta,Polyporaceae,Polyporales,Incertae sedis,Agaricomycetes,Agaricomycotina,Basidiomycota,Fungi
Trametes / versicolor,Polyporaceae,Polyporales,Incertae sedis,Agaricomycetes,Agaricomycotina,Basidiomycota,Fungi
Tremella / mesenterica,Tremellaceae,Tremellales,Incertae sedis,Tremellomycetes,Agaricomycotina,Basidiomycota,Fungi
Tremella / sp.,Tremellaceae,Tremellales,Incertae sedis,Tremellomycetes,Agaricomycotina,Basidiomycota,Fungi
Trichia / botrytis,Trichiaceae,Trichiida,Incertae sedis,Myxogastrea,Mycetozoa,Amoebozoa,Protozoa
Trichia / sp.,Trichiaceae,Trichiida,Incertae sedis,Myxogastrea,Mycetozoa,Amoebozoa,Protozoa
Tricholoma / atrosquamosum,Tricholomataceae,Agaricales,Agaricomycetidae,Agaricomycetes,Agaricomycotina,Basidiomycota,Fungi
Tricholoma / portentosum,Tricholomataceae,Agaricales,Agaricomycetidae,Agaricomycetes,Agaricomycotina,Basidiomycota,Fungi
Tricholoma / sejunctum,Tricholomataceae,Agaricales,Agaricomycetidae,Agaricomycetes,Agaricomycotina,Basidiomycota,Fungi
Tricholoma / sp.,Tricholomataceae,Agaricales,Agaricomycetidae,Agaricomycetes,Agaricomycotina,Basidiomycota,Fungi
Tricholoma / sulphureum,Tricholomataceae,Agaricales,Agaricomycetidae,Agaricomycetes,Agaricomycotina,Basidiomycota,Fungi
Tricholomopsis / decora,Tricholomataceae,Agaricales,Agaricomycetidae,Agaricomycetes,Agaricomycotina,Basidiomycota,Fungi
Tricholomopsis / platyphylla,Tricholomataceae,Agaricales,Agaricomycetidae,Agaricomycetes,Agaricomycotina,Basidiomycota,Fungi
Tubifera / ferruginosa,Tubiferaceae,Liceida,Incertae sedis,Myxogastrea,Mycetozoa,Amoebozoa,Protozoa
Tulostoma / brumale,Agaricaceae,Agaricales,Agaricomycetidae,Agaricomycetes,Agaricomycotina,Basidiomycota,Fungi
Ustulina / deusta,Xylariaceae,Xylariales,Xylariomycetidae,Sordariomycetes,Pezizomycotina,Ascomycota,Fungi
Verpa / bohemica,Morchellaceae,Pezizales,Pezizomycetidae,Pezizomycetes,Pezizomycotina,Ascomycota,Fungi
Verpa / digitaliformis,Morchellaceae,Pezizales,Pezizomycetidae,Pezizomycetes,Pezizomycotina,Ascomycota,Fungi
Volvariella / bombycina,Pluteaceae,Agaricales,Agaricomycetidae,Agaricomycetes,Agaricomycotina,Basidiomycota,Fungi
Volvopluteus / gloiocephalus,Pluteaceae,Agaricales,Agaricomycetidae,Agaricomycetes,Agaricomycotina,Basidiomycota,Fungi
Xerocomellus / armeniacus,Boletaceae,Boletales,Agaricomycetidae,Agaricomycetes,Agaricomycotina,Basidiomycota,Fungi
Imleria / badia,Boletaceae,Boletales,Agaricomycetidae,Agaricomycetes,Agaricomycotina,Basidiomycota,Fungi
Xerocomellus / chrysenteron,Boletaceae,Boletales,Agaricomycetidae,Agaricomycetes,Agaricomycotina,Basidiomycota,Fungi
Xerocomellus / porosporus,Boletaceae,Boletales,Agaricomycetidae,Agaricomycetes,Agaricomycotina,Basidiomycota,Fungi
Xerocomellus / rubellus,Boletaceae,Boletales,Agaricomycetidae,Agaricomycetes,Agaricomycotina,Basidiomycota,Fungi
Boletus / ferrugineus,Boletaceae,Boletales,Agaricomycetidae,Agaricomycetes,Agaricomycotina,Basidiomycota,Fungi
Boletus / subtomentosus,Boletaceae,Boletales,Agaricomycetidae,Agaricomycetes,Agaricomycotina,Basidiomycota,Fungi
Xylaria / carpophila,Xylariaceae,Xylariales,Xylariomycetidae,Sordariomycetes,Pezizomycotina,Ascomycota,Fungi
Xylaria / carpophylla,Xylariaceae,Xylariales,Xylariomycetidae,Sordariomycetes,Pezizomycotina,Ascomycota,Fungi
Xylaria / hypoxylon,Xylariaceae,Xylariales,Xylariomycetidae,Sordariomycetes,Pezizomycotina,Ascomycota,Fungi
Xylaria / longipes,Xylariaceae,Xylariales,Xylariomycetidae,Sordariomycetes,Pezizomycotina,Ascomycota,Fungi
Xylaria / polymorpha,Xylariaceae,Xylariales,Xylariomycetidae,Sordariomycetes,Pezizomycotina,Ascomycota,Fungi
Geastrum / sp.,Geastraceae,Geastrales,Phallomycetidae,Agaricomycetes,Agaricomycotina,Basidiomycota,Fungi
Sarcodon / scabrosus,Bankeraceae,Thelephorales,Incertae sedis,Agaricomycetes,Agaricomycotina,Basidiomycota,Fungi
Sarcodon / imbricatus,Bankeraceae,Thelephorales,Incertae sedis,Agaricomycetes,Agaricomycotina,Basidiomycota,Fungi
Tricholomopsis / rutilans,Tricholomataceae,Agaricales,Agaricomycetidae,Agaricomycetes,Agaricomycotina,Basidiomycota,Fungi
Postia / caesia,Fomitopsidaceae,Polyporales,Incertae sedis,Agaricomycetes,Agaricomycotina,Basidiomycota,Fungi
Mycetinis / alliaceus,Omphalotaceae,Agaricales,Agaricomycetidae,Agaricomycetes,Agaricomycotina,Basidiomycota,Fungi
Tricholoma / pessundatum,Tricholomataceae,Agaricales,Agaricomycetidae,Agaricomycetes,Agaricomycotina,Basidiomycota,Fungi
Tricholoma / saponaceum var. squamosum,Tricholomataceae,Agaricales,Agaricomycetidae,Agaricomycetes,Agaricomycotina,Basidiomycota,Fungi
Macrolepiota / sp.,Agaricaceae,Agaricales,Agaricomycetidae,Agaricomycetes,Agaricomycotina,Basidiomycota,Fungi
Tricholoma / terreum,Tricholomataceae,Agaricales,Agaricomycetidae,Agaricomycetes,Agaricomycotina,Basidiomycota,Fungi
Calocera / viscosa,Dacrymycetaceae,Dacrymycetales,Incertae sedis,Dacrymycetes,Agaricomycotina,Basidiomycota,Fungi
Laccaria / amethystina,Hydnangiaceae,Agaricales,Agaricomycetidae,Agaricomycetes,Agaricomycotina,Basidiomycota,Fungi
Otidea / leporina,Pyronemataceae,Pezizales,Pezizomycetidae,Pezizomycetes,Pezizomycotina,Ascomycota,Fungi
Pholiota / flammans,Strophariaceae,Agaricales,Agaricomycetidae,Agaricomycetes,Agaricomycotina,Basidiomycota,Fungi
Craterellus / tubaeformis,Cantharellaceae,Cantharellales,Incertae sedis,Agaricomycetes,Agaricomycotina,Basidiomycota,Fungi
Hygrocybe / cf punicea,Hygrophoraceae,Agaricales,Agaricomycetidae,Agaricomycetes,Agaricomycotina,Basidiomycota,Fungi
Cortinarius / sanguineus,Cortinariaceae,Agaricales,Agaricomycetidae,Agaricomycetes,Agaricomycotina,Basidiomycota,Fungi
Cortinarius / camphoratus,Cortinariaceae,Agaricales,Agaricomycetidae,Agaricomycetes,Agaricomycotina,Basidiomycota,Fungi
Gymnopus / confluens,Omphalotaceae,Agaricales,Agaricomycetidae,Agaricomycetes,Agaricomycotina,Basidiomycota,Fungi
Ramaria / spinulosa,Gomphaceae,Gomphales,Phallomycetidae,Agaricomycetes,Agaricomycotina,Basidiomycota,Fungi
Fomitopsis / pinicola,Fomitopsidaceae,Polyporales,Incertae sedis,Agaricomycetes,Agaricomycotina,Basidiomycota,Fungi
Tapinella / panuoides,Tapinellaceae,Boletales,Agaricomycetidae,Agaricomycetes,Agaricomycotina,Basidiomycota,Fungi
Marasmius / cohaerens,Marasmiaceae,Agaricales,Agaricomycetidae,Agaricomycetes,Agaricomycotina,Basidiomycota,Fungi
Cortinarius / olidus,Cortinariaceae,Agaricales,Agaricomycetidae,Agaricomycetes,Agaricomycotina,Basidiomycota,Fungi
Laccaria / fraterna,Hydnangiaceae,Agaricales,Agaricomycetidae,Agaricomycetes,Agaricomycotina,Basidiomycota,Fungi
Cortinarius / violaceus,Cortinariaceae,Agaricales,Agaricomycetidae,Agaricomycetes,Agaricomycotina,Basidiomycota,Fungi
Lactarius / scrobiculatus,Russulaceae,Russulales,Incertae sedis,Agaricomycetes,Agaricomycotina,Basidiomycota,Fungi
Mycena / rosea,Mycenaceae,Agaricales,Agaricomycetidae,Agaricomycetes,Agaricomycotina,Basidiomycota,Fungi
Ramaria / flava,Gomphaceae,Gomphales,Phallomycetidae,Agaricomycetes,Agaricomycotina,Basidiomycota,Fungi
Lycoperdon / umbrinum,Agaricaceae,Agaricales,Agaricomycetidae,Agaricomycetes,Agaricomycotina,Basidiomycota,Fungi
Hericium / coralloides,Hericiaceae,Russulales,Incertae sedis,Agaricomycetes,Agaricomycotina,Basidiomycota,Fungi
Lycoperdon / molle,Agaricaceae,Agaricales,Agaricomycetidae,Agaricomycetes,Agaricomycotina,Basidiomycota,Fungi
Exidia / thuretiana,Auriculariaceae,Auriculariales,Incertae sedis,Agaricomycetes,Agaricomycotina,Basidiomycota,Fungi
Coprinellus / micaceus,Psathyrellaceae,Agaricales,Agaricomycetidae,Agaricomycetes,Agaricomycotina,Basidiomycota,Fungi
Gymnopus / foetidus,Omphalotaceae,Agaricales,Agaricomycetidae,Agaricomycetes,Agaricomycotina,Basidiomycota,Fungi
Hypholoma / acutum,Strophariaceae,Agaricales,Agaricomycetidae,Agaricomycetes,Agaricomycotina,Basidiomycota,Fungi
Macrolepiota / excoriata,Agaricaceae,Agaricales,Agaricomycetidae,Agaricomycetes,Agaricomycotina,Basidiomycota,Fungi
Agaricus / osecanus,Agaricaceae,Agaricales,Agaricomycetidae,Agaricomycetes,Agaricomycotina,Basidiomycota,Fungi
Coprinellus / domesticus,Psathyrellaceae,Agaricales,Agaricomycetidae,Agaricomycetes,Agaricomycotina,Basidiomycota,Fungi
Mucronella / bresadolae,Clavariaceae,Agaricales,Agaricomycetidae,Agaricomycetes,Agaricomycotina,Basidiomycota,Fungi
Hypholoma / lateritium,Strophariaceae,Agaricales,Agaricomycetidae,Agaricomycetes,Agaricomycotina,Basidiomycota,Fungi
Formitoporia / robusta,Hymenochaetaceae,Hymenochaetales,Incertae sedis,Agaricomycetes,Agaricomycotina,Basidiomycota,Fungi
Kretzschmaria / deusta,Xylariaceae,Xylariales,Xylariomycetidae,Sordariomycetes,Pezizomycotina,Ascomycota,Fungi
Psathyrella / piluliformis,Psathyrellaceae,Agaricales,Agaricomycetidae,Agaricomycetes,Agaricomycotina,Basidiomycota,Fungi
Coprinellus / truncorum,Psathyrellaceae,Agaricales,Agaricomycetidae,Agaricomycetes,Agaricomycotina,Basidiomycota,Fungi
Megacollybia / platyphylla,Marasmiaceae,Agaricales,Agaricomycetidae,Agaricomycetes,Agaricomycotina,Basidiomycota,Fungi
Agaricus / xanthoderma,Agaricaceae,Agaricales,Agaricomycetidae,Agaricomycetes,Agaricomycotina,Basidiomycota,Fungi
Coprinopsis / picacea,Psathyrellaceae,Agaricales,Agaricomycetidae,Agaricomycetes,Agaricomycotina,Basidiomycota,Fungi
Coprinopsis / atramentaria,Psathyrellaceae,Agaricales,Agaricomycetidae,Agaricomycetes,Agaricomycotina,Basidiomycota,Fungi
Chlorophyllum / rhacodes,Agaricaceae,Agaricales,Agaricomycetidae,Agaricomycetes,Agaricomycotina,Basidiomycota,Fungi
Hymenopellis / colensoi,Physalacriaceae,Agaricales,Agaricomycetidae,Agaricomycetes,Agaricomycotina,Basidiomycota,Fungi
Neolentinus / schaefferi,Polyporaceae,Polyporales,Incertae sedis,Agaricomycetes,Agaricomycotina,Basidiomycota,Fungi
Fomitiporia / punctata,Hymenochaetaceae,Hymenochaetales,Incertae sedis,Agaricomycetes,Agaricomycotina,Basidiomycota,Fungi
